core_id,title,acronym,rank,source_round,for_code,for_name,detail_url
2189,"International Conference on Ambient Systems, Networks and Technologies",ANT,Unranked,ICORE2026,4606,Distributed computing and systems software,https://portal.core.edu.au/conf-ranks/2189/
11,"ACM Conference on Applications, Technologies, Architectures, and Protocols for Computer Communication",SIGCOMM,A*,ICORE2026,4606,Distributed computing and systems software,https://portal.core.edu.au/conf-ranks/11/
15,ACM Conference on Embedded Networked Sensor Systems,SENSYS,unranked: merged,ICORE2026,4606,Distributed computing and systems software,https://portal.core.edu.au/conf-ranks/15/
24,ACM International Conference on Emerging Networking Experiments and Technologies,CoNEXT,A,ICORE2026,4606,Distributed computing and systems software,https://portal.core.edu.au/conf-ranks/24/
27,ACM International Conference on Mobile Computing and Networking,MOBICOM,A*,ICORE2026,4606,Distributed computing and systems software,https://portal.core.edu.au/conf-ranks/27/
30,ACM International Conference on Supercomputing,ICS,A,ICORE2026,"CSE,4606",Distributed computing and systems software,https://portal.core.edu.au/conf-ranks/30/
32,ACM International Symposium on Computer Architecture,ISCA,A*,ICORE2026,"CSE,4606,4612",Distributed computing and systems software,https://portal.core.edu.au/conf-ranks/32/
33,ACM International Symposium on High Performance Distributed Computing,HPDC,A,ICORE2026,"4606,CSE",Distributed computing and systems software,https://portal.core.edu.au/conf-ranks/33/
34,ACM International Wireless Communications and Mobile Computing Conference,IWCMC,B,ICORE2026,4606,Distributed computing and systems software,https://portal.core.edu.au/conf-ranks/34/
2336,ACM Multimedia Systems Conference,MMSys,A,ICORE2026,"4606,4603,4607",Distributed computing and systems software,https://portal.core.edu.au/conf-ranks/2336/
45,"ACM SIGMOBILE International Conference on Mobile Systems, Applications and Services",Mobisys,A,ICORE2026,4606,Distributed computing and systems software,https://portal.core.edu.au/conf-ranks/45/
48,ACM SIGOPS Symposium on Operating Systems Principles,SOSP,A*,ICORE2026,4606,Distributed computing and systems software,https://portal.core.edu.au/conf-ranks/48/
49,"ACM SIGPLAN Conference on Languages, Compilers and Tools for Embedded Systems",LCTES,B,ICORE2026,4606,Distributed computing and systems software,https://portal.core.edu.au/conf-ranks/49/
78,ACM SIGSIM Conference on Principles of Advanced Discrete Simulation (was Parallel and Distributed Simulation),PADS,B,ICORE2026,4606,Distributed computing and systems software,https://portal.core.edu.au/conf-ranks/78/
58,ACM Symposium on Mobile Ad Hoc Networking and Computing,MOBIHOC,B,ICORE2026,4606,Distributed computing and systems software,https://portal.core.edu.au/conf-ranks/58/
63,ACM Symposium on Principles of Distributed Computing,PODC,A*,ICORE2026,4606,Distributed computing and systems software,https://portal.core.edu.au/conf-ranks/63/
69,ACM Workshop on Hot Topics in Networks,HOTNETS,National: USA,ICORE2026,4606,Distributed computing and systems software,https://portal.core.edu.au/conf-ranks/69/
76,"ACM/IEEE International Conference on Modelling, Analysis and Simulation of Wireless and Mobile Systems",MSWIM,A,ICORE2026,4606,Distributed computing and systems software,https://portal.core.edu.au/conf-ranks/76/
2246,ACM/IEEE Symposium on Edge Computing,SEC,unranked,ICORE2026,4606,Distributed computing and systems software,https://portal.core.edu.au/conf-ranks/2246/
79,ACM/IFIP/USENIX International Middleware Conference,Middleware,A,ICORE2026,4606,Distributed computing and systems software,https://portal.core.edu.au/conf-ranks/79/
2278,ACM/SPEC International Conference on Performance Engineering,ICPE,B,ICORE2026,"4612,4606",Distributed computing and systems software,https://portal.core.edu.au/conf-ranks/2278/
2330,Advances in Financial Technologies,AFT,B,ICORE2026,"4606,4604",Distributed computing and systems software,https://portal.core.edu.au/conf-ranks/2330/
147,Architectural Support for Programming Languages and Operating Systems,ASPLOS,A*,ICORE2026,"4612,4606",Distributed computing and systems software,https://portal.core.edu.au/conf-ranks/147/
162,Asia and South Pacific Design Automation Conference,ASPDAC,B,ICORE2026,4606,Distributed computing and systems software,https://portal.core.edu.au/conf-ranks/162/
159,Asia Pacific Conference on Communications,APCC,C,ICORE2026,4606,Distributed computing and systems software,https://portal.core.edu.au/conf-ranks/159/
184,Asia-Pacific Network Operations and Management Symposium,APNOMS,C,ICORE2026,4606,Distributed computing and systems software,https://portal.core.edu.au/conf-ranks/184/
185,Asia-Pacific Services Computing Conference,APSCC,C,ICORE2026,4606,Distributed computing and systems software,https://portal.core.edu.au/conf-ranks/185/
189,"Asilomar Conference on Signals, Systems and Computing",ACSSC,National: USA,ICORE2026,4606,Distributed computing and systems software,https://portal.core.edu.au/conf-ranks/189/
231,Australasian Symposium on Parallel and Distributed Computing (was AusGrid),AusPDC,Australasian C,ICORE2026,4606,Distributed computing and systems software,https://portal.core.edu.au/conf-ranks/231/
368,Conference on Information Sciences and Systems,CISS,National: USA,ICORE2026,4606,Distributed computing and systems software,https://portal.core.edu.au/conf-ranks/368/
2201,"Conference on Innovation in Clouds, Internet and Networks",ICIN,National: France,ICORE2026,4606,Distributed computing and systems software,https://portal.core.edu.au/conf-ranks/2201/
381,Conference on Software in Telecommunications and Computer Networks,SOFTCOM,National: Croatia,ICORE2026,4606,Distributed computing and systems software,https://portal.core.edu.au/conf-ranks/381/
2170,EURO AMERICAN CONFERENCE ON TELEMATICS AND INFORMATION SYSTEMS,EATIS,C,ICORE2026,"4606,4608",Distributed computing and systems software,https://portal.core.edu.au/conf-ranks/2170/
463,Euromicro Conference on Real-Time Systems,ECRTS,B,ICORE2026,4606,Distributed computing and systems software,https://portal.core.edu.au/conf-ranks/463/
2334,Euromicro Conference Series on Digital System Design,DSD,C,ICORE2026,"CSE,4606",Distributed computing and systems software,https://portal.core.edu.au/conf-ranks/2334/
465,"Euromicro International Conference on Parallel, Distributed and Network Based Processing",PDP,C,ICORE2026,4606,Distributed computing and systems software,https://portal.core.edu.au/conf-ranks/465/
2192,European Dependable Computing Conference,EDCC,Unranked,ICORE2026,"4604,4612,4606",Distributed computing and systems software,https://portal.core.edu.au/conf-ranks/2192/
505,European MPI Users' Group Conference,EuroMPI,C,ICORE2026,4606,Distributed computing and systems software,https://portal.core.edu.au/conf-ranks/505/
525,Eurosys Conference,EuroSys,A,ICORE2026,4606,Distributed computing and systems software,https://portal.core.edu.au/conf-ranks/525/
579,Heterogeneity in Computing Workshop,HCW,C,ICORE2026,4606,Distributed computing and systems software,https://portal.core.edu.au/conf-ranks/579/
2247,IEEE Conference of the Open Innovations Association FRUCT,FRUCT,Regional,ICORE2026,"4606,4613",Distributed computing and systems software,https://portal.core.edu.au/conf-ranks/2247/
2184,IEEE Conference on Cognitive and Computational Aspects of Situation Management,CogSIMA,National:USA,ICORE2026,4606,Distributed computing and systems software,https://portal.core.edu.au/conf-ranks/2184/
607,IEEE Conference on Local Computer Networks,LCN,B,ICORE2026,4606,Distributed computing and systems software,https://portal.core.edu.au/conf-ranks/607/
608,IEEE Conference on Mass Storage Systems and Technologies,MSST,National: USA,ICORE2026,4606,Distributed computing and systems software,https://portal.core.edu.au/conf-ranks/608/
615,IEEE Congress on Services,SERVICES,B,ICORE2026,4606,Distributed computing and systems software,https://portal.core.edu.au/conf-ranks/615/
616,IEEE Consumer Communications and Networking Conference,IEEE CCNC,B,ICORE2026,4606,Distributed computing and systems software,https://portal.core.edu.au/conf-ranks/616/
620,IEEE Global Internet Symposium,GI,C,ICORE2026,4606,Distributed computing and systems software,https://portal.core.edu.au/conf-ranks/620/
2030,IEEE Global Telecommunications Conference,GLOBECOM,B,ICORE2026,4606,Distributed computing and systems software,https://portal.core.edu.au/conf-ranks/2030/
2304,IEEE International Conference on Blockchain and Cryptocurrency,ICBC,C,ICORE2026,"4606,4604,4612",Distributed computing and systems software,https://portal.core.edu.au/conf-ranks/2304/
631,IEEE International Conference on Cloud Computing,CLOUD,B,ICORE2026,4606,Distributed computing and systems software,https://portal.core.edu.au/conf-ranks/631/
2251,IEEE International Conference on Cloud Computing in Emerging Markets,CCEM,National:India,ICORE2026,"4606,4602,4605",Distributed computing and systems software,https://portal.core.edu.au/conf-ranks/2251/
931,IEEE International Conference on Cloud Computing Technology and Science (International Conference on Cloud Computing pre 2010),CloudCom,C,ICORE2026,4606,Distributed computing and systems software,https://portal.core.edu.au/conf-ranks/931/
632,IEEE International Conference on Cluster Computing,CLUSTER,C,ICORE2026,4606,Distributed computing and systems software,https://portal.core.edu.au/conf-ranks/632/
2074,IEEE International Conference on Computer Communications,INFOCOM,A*,ICORE2026,4606,Distributed computing and systems software,https://portal.core.edu.au/conf-ranks/2074/
644,IEEE International Conference on Distributed Computing in Sensor Systems,DCOSS,B,ICORE2026,4606,Distributed computing and systems software,https://portal.core.edu.au/conf-ranks/644/
648,IEEE International Conference on e-Science and Grid Computing,e-Science,B,ICORE2026,"4606,4601,4612",Distributed computing and systems software,https://portal.core.edu.au/conf-ranks/648/
646,IEEE International Conference on Engineering of Complex Computer Systems,ICECCS,B,ICORE2026,"4612,4606",Distributed computing and systems software,https://portal.core.edu.au/conf-ranks/646/
2248,IEEE International Conference on Fog and Edge Computing,ICFEC,C,ICORE2026,"4606,4601",Distributed computing and systems software,https://portal.core.edu.au/conf-ranks/2248/
652,IEEE International Conference on High Performance Computing and Communications,HPCC,C,ICORE2026,4606,Distributed computing and systems software,https://portal.core.edu.au/conf-ranks/652/
663,IEEE International Conference on Mobile Ad-hoc and Sensor Systems,MASS,B,ICORE2026,4606,Distributed computing and systems software,https://portal.core.edu.au/conf-ranks/663/
669,IEEE International Conference on Pervasive Computing and Communications,PERCOM,A*,ICORE2026,"4608,4606",Distributed computing and systems software,https://portal.core.edu.au/conf-ranks/669/
610,"IEEE International Conference on Sensing, Communication and Networking",SECON,B,ICORE2026,4606,Distributed computing and systems software,https://portal.core.edu.au/conf-ranks/610/
2339,IEEE International Conference on Smart Computing,SmartComp,B,ICORE2026,"4601,4611,4606",Distributed computing and systems software,https://portal.core.edu.au/conf-ranks/2339/
674,IEEE International Conference on Software Services Engineering (previously IEEE International Conference on Services Computing SCC),IEEE SSE,B,ICORE2026,4606,Distributed computing and systems software,https://portal.core.edu.au/conf-ranks/674/
678,IEEE International Conference on Web Services,ICWS,A,ICORE2026,4606,Distributed computing and systems software,https://portal.core.edu.au/conf-ranks/678/
679,"IEEE International Conference on Wireless and Mobile Computing, Networking and Communications",WiMob,B,ICORE2026,4606,Distributed computing and systems software,https://portal.core.edu.au/conf-ranks/679/
682,IEEE International Enterprise Distributed Object Computing Conference,EDOC,B,ICORE2026,4606,Distributed computing and systems software,https://portal.core.edu.au/conf-ranks/682/
688,IEEE International Parallel and Distributed Processing Symposium (was IPPS and SPDP),IPDPS,A,ICORE2026,"4606,CSE",Distributed computing and systems software,https://portal.core.edu.au/conf-ranks/688/
689,IEEE International Performance Computing and Communications Conference,IPCCC,C,ICORE2026,4606,Distributed computing and systems software,https://portal.core.edu.au/conf-ranks/689/
691,"IEEE International Symposium on a World of Wireless, Mobile and Multimedia Networks",WoWMoM,C,ICORE2026,4606,Distributed computing and systems software,https://portal.core.edu.au/conf-ranks/691/
695,"IEEE International Symposium on Cluster, Cloud and Grid Computing",CCGRID,B,ICORE2026,4606,Distributed computing and systems software,https://portal.core.edu.au/conf-ranks/695/
702,IEEE International Symposium on Network Computing and Applications,NCA,B,ICORE2026,4606,Distributed computing and systems software,https://portal.core.edu.au/conf-ranks/702/
704,IEEE International Symposium on Parallel and Distributed Processing with Applications,ISPA,C,ICORE2026,4606,Distributed computing and systems software,https://portal.core.edu.au/conf-ranks/704/
706,IEEE International Symposium on Personal and Indoor Mobile Radio Conference,PIMRC,B,ICORE2026,4606,Distributed computing and systems software,https://portal.core.edu.au/conf-ranks/706/
703,IEEE International Symposium on Real-Time Distributed Computing,ISORC,C,ICORE2026,4606,Distributed computing and systems software,https://portal.core.edu.au/conf-ranks/703/
717,IEEE International Workshop on Quality of Service,IWQoS,B,ICORE2026,4606,Distributed computing and systems software,https://portal.core.edu.au/conf-ranks/717/
2088,IEEE LAN/MAN Workshop,LANMAN,C,ICORE2026,4606,Distributed computing and systems software,https://portal.core.edu.au/conf-ranks/2088/
723,IEEE Network Operations and Management Symposium,NOMS,B,ICORE2026,4606,Distributed computing and systems software,https://portal.core.edu.au/conf-ranks/723/
725,IEEE Real-Time and Embedded Technology and Applications Symposium,RTAS,A,ICORE2026,4606,Distributed computing and systems software,https://portal.core.edu.au/conf-ranks/725/
744,IEEE Symposium on Computers and Communications,ISCC,C,ICORE2026,4606,Distributed computing and systems software,https://portal.core.edu.au/conf-ranks/744/
2026,IEEE Symposium on Field Programmable Custom Computing Machines,FCCM,National/Regional,ICORE2026,"CSE,4606",Distributed computing and systems software,https://portal.core.edu.au/conf-ranks/2026/
746,IEEE Symposium on High-Performance Interconnects,HOTI,National: USA,ICORE2026,4606,Distributed computing and systems software,https://portal.core.edu.au/conf-ranks/746/
757,IEEE Vehicular Technology Conference,VTC,B,ICORE2026,4606,Distributed computing and systems software,https://portal.core.edu.au/conf-ranks/757/
760,IEEE Wireless Communications and Networking Conference,WCNC,B,ICORE2026,4606,Distributed computing and systems software,https://portal.core.edu.au/conf-ranks/760/
771,IEEE Workshop on High Performance Switching and Routing,HPSR,C,ICORE2026,4606,Distributed computing and systems software,https://portal.core.edu.au/conf-ranks/771/
783,IEEE/ACM International Conference on Computer-Aided Design,ICCAD,A,ICORE2026,"CSE,4606",Distributed computing and systems software,https://portal.core.edu.au/conf-ranks/783/
787,IEEE/IFIP International Conference on Dependable Systems and Networks,DSN,A,ICORE2026,"4606,CSE",Distributed computing and systems software,https://portal.core.edu.au/conf-ranks/787/
788,IEEE/IFIP International Conference on Embedded and Ubiquitous Computing,EUC,C,ICORE2026,4606,Distributed computing and systems software,https://portal.core.edu.au/conf-ranks/788/
796,IFAC Conference on System Structure and Control,SSSC,C,ICORE2026,"4612,4606",Distributed computing and systems software,https://portal.core.edu.au/conf-ranks/796/
801,IFIP International Conference on Distributed Applications and Interoperable Systems,DAIS,C,ICORE2026,4606,Distributed computing and systems software,https://portal.core.edu.au/conf-ranks/801/
810,IFIP International Conference on Network and Parallel Computing,NPC,C,ICORE2026,4606,Distributed computing and systems software,https://portal.core.edu.au/conf-ranks/810/
806,IFIP International Conference on Networking,Networking,B,ICORE2026,4606,Distributed computing and systems software,https://portal.core.edu.au/conf-ranks/806/
809,IFIP Working Conferences on Virtual Enterprises,PRO-VE,C,ICORE2026,"4606,4601",Distributed computing and systems software,https://portal.core.edu.au/conf-ranks/809/
2306,IFIP/IEEE International Conference on Performance Evaluation and Modeling in Wired and Wireless Networks,PEMWN,C,ICORE2026,4606,Distributed computing and systems software,https://portal.core.edu.au/conf-ranks/2306/
812,IFIP/IEEE International Symposium on Integrated Management (even years sharing with NOMS),IM,B,ICORE2026,4606,Distributed computing and systems software,https://portal.core.edu.au/conf-ranks/812/
2203,Intelligent Distributed Computing,IDC,Unranked,ICORE2026,4606,Distributed computing and systems software,https://portal.core.edu.au/conf-ranks/2203/
873,International Conference and Exhibition on High Performance Computing in the Asia-Pacific Region,HPC Asia,C,ICORE2026,4606,Distributed computing and systems software,https://portal.core.edu.au/conf-ranks/873/
77,"International Conference for High Performance Computing, Networking, Storage and Analysis (was Supercomputing Conference)",SC,A,ICORE2026,"CSE,4606",Distributed computing and systems software,https://portal.core.edu.au/conf-ranks/77/
921,International Conference on Advanced and Trusted Computing (was International Conference on Autonomic and Trusted Computing),ATC,C,ICORE2026,"4604,4606,4605",Distributed computing and systems software,https://portal.core.edu.au/conf-ranks/921/
887,International Conference on Advanced Computing and Communications,AdCom,National: India,ICORE2026,4606,Distributed computing and systems software,https://portal.core.edu.au/conf-ranks/887/
890,International Conference on Advanced Information Networking and Applications (was ICOIN),AINA,B,ICORE2026,4606,Distributed computing and systems software,https://portal.core.edu.au/conf-ranks/890/
899,International Conference on Advances in Mobile Computing and Multimedia,MOMM,C,ICORE2026,4606,Distributed computing and systems software,https://portal.core.edu.au/conf-ranks/899/
905,International Conference on Algorithms and Architectures for Parallel Processing,ICA3PP,C,ICORE2026,4606,Distributed computing and systems software,https://portal.core.edu.au/conf-ranks/905/
925,"International Conference on Broadband Communications, Networks and Systems",Broadnets,C,ICORE2026,4606,Distributed computing and systems software,https://portal.core.edu.au/conf-ranks/925/
2300,International Conference on Cloud Computing and Services Science,CLOSER,C,ICORE2026,4606,Distributed computing and systems software,https://portal.core.edu.au/conf-ranks/2300/
2332,International Conference on Cloud Engineering,IC2E,B,ICORE2026,4606,Distributed computing and systems software,https://portal.core.edu.au/conf-ranks/2332/
933,"International Conference on Collaborative Computing: Networks, Applications and Worksharing",CollaborateCom,C,ICORE2026,4606,Distributed computing and systems software,https://portal.core.edu.au/conf-ranks/933/
2254,International Conference on COMmunication Systems & NETworkS,COMSNETS,National:India,ICORE2026,"4606,4604",Distributed computing and systems software,https://portal.core.edu.au/conf-ranks/2254/
2046,International Conference on Communication Systems and Applications,ICCSA,C,ICORE2026,4606,Distributed computing and systems software,https://portal.core.edu.au/conf-ranks/2046/
936,International Conference on Compiler Construction,CC,B,ICORE2026,4606,Distributed computing and systems software,https://portal.core.edu.au/conf-ranks/936/
937,"International Conference on Compilers, Architecture, and Synthesis for Embedded Systems",CASES,Journal published,ICORE2026,4606,Distributed computing and systems software,https://portal.core.edu.au/conf-ranks/937/
939,"International Conference on Complex, Intelligent and Software Intensive Systems",CISIS,C,ICORE2026,4606,Distributed computing and systems software,https://portal.core.edu.au/conf-ranks/939/
2294,"International Conference on Complexity, Future Information Systems and Risk",COMPLEXIS,C,ICORE2026,"4613,4606",Distributed computing and systems software,https://portal.core.edu.au/conf-ranks/2294/
942,International Conference on Computational Collective Intelligence,ICCCI,B,ICORE2026,"4602,4606",Distributed computing and systems software,https://portal.core.edu.au/conf-ranks/942/
2038,International Conference on Computer Communication and Networks,ICCCN,B,ICORE2026,4606,Distributed computing and systems software,https://portal.core.edu.au/conf-ranks/2038/
973,International Conference on Concurrency Theory,CONCUR,B,ICORE2026,"4613,4606",Distributed computing and systems software,https://portal.core.edu.au/conf-ranks/973/
980,International Conference on Coordination Models and Languages,Coordination,C,ICORE2026,4606,Distributed computing and systems software,https://portal.core.edu.au/conf-ranks/980/
991,International Conference on Dependability of Computer Systems,DEPCoS,National: Poland,ICORE2026,4606,Distributed computing and systems software,https://portal.core.edu.au/conf-ranks/991/
2225,International Conference on Distributed Computing and Artificial Intelligence,DCAI,National(Spain),ICORE2026,"4602,4606",Distributed computing and systems software,https://portal.core.edu.au/conf-ranks/2225/
1000,International Conference on Distributed Computing and Internet Technologies,ICDCIT,National: India,ICORE2026,4606,Distributed computing and systems software,https://portal.core.edu.au/conf-ranks/1000/
1001,International Conference on Distributed Computing and Networking,ICDCN,National: India,ICORE2026,4606,Distributed computing and systems software,https://portal.core.edu.au/conf-ranks/1001/
1002,International Conference on Distributed Computing Systems,ICDCS,A,ICORE2026,4606,Distributed computing and systems software,https://portal.core.edu.au/conf-ranks/1002/
1186,International Conference on Embedded and Real Time Computing Systems and Applications,RTCSA,B,ICORE2026,4606,Distributed computing and systems software,https://portal.core.edu.au/conf-ranks/1186/
16,International Conference on Embedded Software,EMSOFT,Journal Published,ICORE2026,4606,Distributed computing and systems software,https://portal.core.edu.au/conf-ranks/16/
497,International Conference on Embedded Wireless Systems and Networks (wasEuropean Conference on Wireless Sensor Networks),EWSN,B,ICORE2026,4606,Distributed computing and systems software,https://portal.core.edu.au/conf-ranks/497/
2194,International Conference on Emerging Ubiquitous Systems and Pervasive Networks,EUSPN,Unranked,ICORE2026,4606,Distributed computing and systems software,https://portal.core.edu.au/conf-ranks/2194/
2328,International Conference on Factory Communication Systems,WFCS,C,ICORE2026,"CSE,4606,4601",Distributed computing and systems software,https://portal.core.edu.au/conf-ranks/2328/
1044,"International Conference on Green, Pervasive and Cloud Computing (was Grid and Pervasive Computing)",GPC,C,ICORE2026,4606,Distributed computing and systems software,https://portal.core.edu.au/conf-ranks/1044/
1422,"International Conference on Hardware/Software Codesign and System Synthesis (previously ISSN, changed in 2003)",CODES+ISSS,Journal Published,ICORE2026,"CSE,4606",Distributed computing and systems software,https://portal.core.edu.au/conf-ranks/1422/
1184,"International Conference on Heterogeneous Networking for Quality, Reliability, Security and Robustness (was International Conference on Quality of Service in Heterogeneous Wired/Wireless Networks)",Qshine,C,ICORE2026,4606,Distributed computing and systems software,https://portal.core.edu.au/conf-ranks/1184/
1048,International Conference on High Performance Computing,HiPC,National: India,ICORE2026,4606,Distributed computing and systems software,https://portal.core.edu.au/conf-ranks/1048/
1050,International Conference on High Performance Scientific Computing,HPSC,National: Vietnam,ICORE2026,4606,Distributed computing and systems software,https://portal.core.edu.au/conf-ranks/1050/
2244,International Conference on Indoor Positioning and Indoor Navigation,IPIN,C,ICORE2026,"4606,4601",Distributed computing and systems software,https://portal.core.edu.au/conf-ranks/2244/
1104,International Conference on Internet and Web Applications and Services,ICIW,C,ICORE2026,"4606,4605",Distributed computing and systems software,https://portal.core.edu.au/conf-ranks/1104/
1106,International Conference on Internet Computing in Science and Engineering,ICICSE,C,ICORE2026,4606,Distributed computing and systems software,https://portal.core.edu.au/conf-ranks/1106/
2205,International Conference on Management of Digital EcoSystems,MEDES,C,ICORE2026,4606,Distributed computing and systems software,https://portal.core.edu.au/conf-ranks/2205/
1131,International Conference on Mobile and Ubiquitous Systems: Networks and Services,Mobiquitous,C,ICORE2026,4606,Distributed computing and systems software,https://portal.core.edu.au/conf-ranks/1131/
1133,International Conference on Mobile Data Management,MDM,B,ICORE2026,"4605,4606",Distributed computing and systems software,https://portal.core.edu.au/conf-ranks/1133/
2206,International Conference on Mobile Systems and Pervasive Computing,MobiSPC,Unranked,ICORE2026,4606,Distributed computing and systems software,https://portal.core.edu.au/conf-ranks/2206/
1134,"International Conference on Mobile Ubiquitous Computing, Systems, Services and Technologies",UBICOMM,C,ICORE2026,4606,Distributed computing and systems software,https://portal.core.edu.au/conf-ranks/1134/
2297,International Conference on Model-Driven Engineering and Software Development,MODELSWARD,C,ICORE2026,"4606,4612",Distributed computing and systems software,https://portal.core.edu.au/conf-ranks/2297/
813,International Conference on Network and Service Management (amalgamation of DSOM and related workshops from 2010),CNSM,B,ICORE2026,4606,Distributed computing and systems software,https://portal.core.edu.au/conf-ranks/813/
1147,International Conference on Network Protocols,ICNP,B,ICORE2026,4606,Distributed computing and systems software,https://portal.core.edu.au/conf-ranks/1147/
2245,International Conference on Network Softwarization,NetSoft,B,ICORE2026,"4606,4612",Distributed computing and systems software,https://portal.core.edu.au/conf-ranks/2245/
1162,"International Conference on Parallel and Distributed Computing, Applications and Technologies",PDCAT,C,ICORE2026,4606,Distributed computing and systems software,https://portal.core.edu.au/conf-ranks/1162/
1163,International Conference on Parallel and Distributed Processing Techniques and Applications,PDPTA,National: USA,ICORE2026,4606,Distributed computing and systems software,https://portal.core.edu.au/conf-ranks/1163/
1164,International Conference on Parallel and Distributed Systems,ICPADS,B,ICORE2026,4606,Distributed computing and systems software,https://portal.core.edu.au/conf-ranks/1164/
1165,International Conference on Parallel Architecture and Compilation Techniques,PACT,B,ICORE2026,4606,Distributed computing and systems software,https://portal.core.edu.au/conf-ranks/1165/
1167,International Conference on Parallel Processing,ICPP,B,ICORE2026,4606,Distributed computing and systems software,https://portal.core.edu.au/conf-ranks/1167/
1168,International Conference on Parallel Processing and Applied Mathematics,PPAM,National: Poland,ICORE2026,4606,Distributed computing and systems software,https://portal.core.edu.au/conf-ranks/1168/
1177,International Conference on Principles of Distributed Systems,OPODIS,B,ICORE2026,4606,Distributed computing and systems software,https://portal.core.edu.au/conf-ranks/1177/
2249,International Conference on Real-Time and Network Systems,RTNS,National: France,ICORE2026,"4606,4612",Distributed computing and systems software,https://portal.core.edu.au/conf-ranks/2249/
1204,International Conference on Service Oriented Computing,ICSOC,A,ICORE2026,4606,Distributed computing and systems software,https://portal.core.edu.au/conf-ranks/1204/
2298,"International Conference on Simulation and Modeling Methodologies, Technologies and Applications",SIMULTECH,C,ICORE2026,4606,Distributed computing and systems software,https://portal.core.edu.au/conf-ranks/2298/
1214,"International Conference on Software Engineering, Artificial Intelligence, Networking and Parallel/Distributed Computing",SNPD,C,ICORE2026,"4612,4602,4606",Distributed computing and systems software,https://portal.core.edu.au/conf-ranks/1214/
2209,International Conference on Sustainable Energy Information Technology,SEIT,Unranked,ICORE2026,"4601,4606",Distributed computing and systems software,https://portal.core.edu.au/conf-ranks/2209/
1237,International Conference on the Application and Theory of Petri Nets and Concurrency,Petri Nets,B,ICORE2026,4606,Distributed computing and systems software,https://portal.core.edu.au/conf-ranks/1237/
1254,International Conference on Ubiquitous Intelligence and Computing,UIC,C,ICORE2026,"4606,4608",Distributed computing and systems software,https://portal.core.edu.au/conf-ranks/1254/
2299,International Conference on Vehicle Technology and Intelligent Transport Systems,VEHITS,C,ICORE2026,"4606,4602",Distributed computing and systems software,https://portal.core.edu.au/conf-ranks/2299/
1262,International Conference on Virtual Execution Environments,VEE,B,ICORE2026,4606,Distributed computing and systems software,https://portal.core.edu.au/conf-ranks/1262/
1267,International Conference on VLSI Design,VLSID,National: India,ICORE2026,4606,Distributed computing and systems software,https://portal.core.edu.au/conf-ranks/1267/
1271,International Conference on Web Information Systems Engineering,WISE,B,ICORE2026,"4605,4606",Distributed computing and systems software,https://portal.core.edu.au/conf-ranks/1271/
2257,International Conference on Wireless Networks and Mobile Communications,WINCOM,C,ICORE2026,4606,Distributed computing and systems software,https://portal.core.edu.au/conf-ranks/2257/
2022,International European Conference on Parallel and Distributed Computing (was International Conference on Parallel Processing),EuroPar,B,ICORE2026,4606,Distributed computing and systems software,https://portal.core.edu.au/conf-ranks/2022/
1329,International Network Optimization Conference,INOC,C,ICORE2026,4606,Distributed computing and systems software,https://portal.core.edu.au/conf-ranks/1329/
1447,International Symposium on Algorithms and Experiments for  Wireless Networks,Algosensors,C,ICORE2026,4606,Distributed computing and systems software,https://portal.core.edu.au/conf-ranks/1447/
1359,International Symposium on Autonomous Decentralized Systems,ISADS,C,ICORE2026,4606,Distributed computing and systems software,https://portal.core.edu.au/conf-ranks/1359/
1370,International Symposium on Computer Architecture and High Performance Computing,SBAC-PAD,C,ICORE2026,4606,Distributed computing and systems software,https://portal.core.edu.au/conf-ranks/1370/
1374,International Symposium on Distributed Computing (was WDAG),DISC,A,ICORE2026,4606,Distributed computing and systems software,https://portal.core.edu.au/conf-ranks/1374/
696,International Symposium on Distributed Simulation and Real Time Applications,DS-RT,C,ICORE2026,"4606,4602,4608",Distributed computing and systems software,https://portal.core.edu.au/conf-ranks/696/
1385,International Symposium on Grids and Clouds (was International Symposium on Grid Computing),ISGC,C,ICORE2026,4606,Distributed computing and systems software,https://portal.core.edu.au/conf-ranks/1385/
1386,International Symposium on High Performance Computer Architecture,HPCA,A*,ICORE2026,"CSE,4606",Distributed computing and systems software,https://portal.core.edu.au/conf-ranks/1386/
1400,International Symposium on Memory Management,ISMM,C,ICORE2026,"4606,4612",Distributed computing and systems software,https://portal.core.edu.au/conf-ranks/1400/
1401,"International Symposium on Modelling and Optimization in Mobile, Ad Hoc, and Wireless Networks",WiOpt,B,ICORE2026,4606,Distributed computing and systems software,https://portal.core.edu.au/conf-ranks/1401/
2204,"International Symposium on Networks, Computers and Communications",ISNCC,C,ICORE2026,4606,Distributed computing and systems software,https://portal.core.edu.au/conf-ranks/2204/
1405,International Symposium on Parallel and Distributed Computing,ISPDC,C,ICORE2026,4606,Distributed computing and systems software,https://portal.core.edu.au/conf-ranks/1405/
1425,International Symposium on the Mathematical Theory of Networks and Systems,MTNS,C,ICORE2026,4606,Distributed computing and systems software,https://portal.core.edu.au/conf-ranks/1425/
269,International Telecommunication Networks and Applications Conference (was Australian Telecommunication Networks and Applications Conference),ITNAC,Australasian C,ICORE2026,4606,Distributed computing and systems software,https://portal.core.edu.au/conf-ranks/269/
2214,International Teletraffic Congress,ITC,Unranked,ICORE2026,4606,Distributed computing and systems software,https://portal.core.edu.au/conf-ranks/2214/
1486,International workshop on High-Level Parallel Programming and Applications,HLPP,C,ICORE2026,4606,Distributed computing and systems software,https://portal.core.edu.au/conf-ranks/1486/
1487,International Workshop on High-Level Parallel Programming Models and Supportive Environments,HIPS,C,ICORE2026,4606,Distributed computing and systems software,https://portal.core.edu.au/conf-ranks/1487/
2009,International Workshop on Principles of Diagnosis,DX,C,ICORE2026,"4612,4606",Distributed computing and systems software,https://portal.core.edu.au/conf-ranks/2009/
1529,International Workshop on Software and Compilers for Embedded Systems,SCOPES,C,ICORE2026,4606,Distributed computing and systems software,https://portal.core.edu.au/conf-ranks/1529/
1546,International Workshops on Enabling Technologies: Infrastructures for Collaborative Enterprises,WETICE,C,ICORE2026,"4606,4608",Distributed computing and systems software,https://portal.core.edu.au/conf-ranks/1546/
1548,International World Wide Web Conference,WWW,A*,ICORE2026,"4606,4605",Distributed computing and systems software,https://portal.core.edu.au/conf-ranks/1548/
1551,Internet Measurement Conference,IMC,A,ICORE2026,4606,Distributed computing and systems software,https://portal.core.edu.au/conf-ranks/1551/
1340,ISC High Performance (was International Supercomputing Conference),ISC,National/Regional,ICORE2026,"4606,CSE",Distributed computing and systems software,https://portal.core.edu.au/conf-ranks/1340/
2097,Malaysia International Conference on Communications,MICC,Regional,ICORE2026,4606,Distributed computing and systems software,https://portal.core.edu.au/conf-ranks/2097/
1638,Network and Operating System Support for Digital Audio and Video,NOSSDAV,B,ICORE2026,4606,Distributed computing and systems software,https://portal.core.edu.au/conf-ranks/1638/
1662,Pacific Rim International Symposium on Dependable Computing,PRDC,C,ICORE2026,"4612,4606,4604",Distributed computing and systems software,https://portal.core.edu.au/conf-ranks/1662/
1678,Passive and Active Measurement Conference,PAM,B,ICORE2026,4606,Distributed computing and systems software,https://portal.core.edu.au/conf-ranks/1678/
1691,Principles and Practice of Parallel Programming,PPoPP,B,ICORE2026,4606,Distributed computing and systems software,https://portal.core.edu.au/conf-ranks/1691/
1701,Real Time Systems Symposium,RTSS,A,ICORE2026,4606,Distributed computing and systems software,https://portal.core.edu.au/conf-ranks/1701/
1771,Symposium Model Analysis and Simulation of Computer and Telecommunications Systems,MASCOTS,B,ICORE2026,4606,Distributed computing and systems software,https://portal.core.edu.au/conf-ranks/1771/
2033,Symposium on High Performance Chips,HOTCHIPS (HCS),C,ICORE2026,4606,Distributed computing and systems software,https://portal.core.edu.au/conf-ranks/2033/
1789,"Symposium on Networked Systems, Design and Implementation",NSDI,National: USA,ICORE2026,4606,Distributed computing and systems software,https://portal.core.edu.au/conf-ranks/1789/
1790,Symposium on Parallelism in Algorithms and Architectures,SPAA,B,ICORE2026,4606,Distributed computing and systems software,https://portal.core.edu.au/conf-ranks/1790/
1792,Symposium on Reliable Distributed Systems,SRDS,B,ICORE2026,4606,Distributed computing and systems software,https://portal.core.edu.au/conf-ranks/1792/
1802,Testbeds and Research Infrastructures for the Development of Networks and Communities,TridentCom,National: China,ICORE2026,4606,Distributed computing and systems software,https://portal.core.edu.au/conf-ranks/1802/
2255,The ACM International System and Storage Conference,SYSTOR,National:Israel,ICORE2026,"4606,4605",Distributed computing and systems software,https://portal.core.edu.au/conf-ranks/2255/
2353,The ACM SIGCAS/SIGCHI Conference on Computing and Sustainable Societies,COMPASS,C,ICORE2026,"4608,4606,4611",Distributed computing and systems software,https://portal.core.edu.au/conf-ranks/2353/
2197,The International Conference on Future Networks and Communications,FNC,Unranked,ICORE2026,4606,Distributed computing and systems software,https://portal.core.edu.au/conf-ranks/2197/
2213,The International Conference on Verification and Evaluation of Computer and Communication Systems,VECoS,C,ICORE2026,"4606,4613,4612",Distributed computing and systems software,https://portal.core.edu.au/conf-ranks/2213/
1838,Usenix Annual Technical Conference,USENIX,A,ICORE2026,4606,Distributed computing and systems software,https://portal.core.edu.au/conf-ranks/1838/
1842,Usenix Symposium on Operating Systems Design and Implementation,OSDI,A*,ICORE2026,4606,Distributed computing and systems software,https://portal.core.edu.au/conf-ranks/1842/
1845,USENIX Workshop on Hot Topics in Operating Systems,HotOS,A,ICORE2026,4606,Distributed computing and systems software,https://portal.core.edu.au/conf-ranks/1845/
2252,Utility and Cloud Computing,UCC,Unranked,ICORE2026,"4606,4605,4601",Distributed computing and systems software,https://portal.core.edu.au/conf-ranks/2252/
1878,Workshop on Applications of Graph Theory in Wireless Ad hoc Networks and Sensor Networks,Graph-hoc,C,ICORE2026,4606,Distributed computing and systems software,https://portal.core.edu.au/conf-ranks/1878/
1909,Workshop on Job Scheduling Strategies for Parallel Processing,JSSPP,C,ICORE2026,4606,Distributed computing and systems software,https://portal.core.edu.au/conf-ranks/1909/
1914,Workshop on Mobile Computing Systems and Applications,HOTMOBILE,National: USA,ICORE2026,4606,Distributed computing and systems software,https://portal.core.edu.au/conf-ranks/1914/
1927,Workshop on Programming Languages and Operating Systems,PLOS,C,ICORE2026,"4606,4612",Distributed computing and systems software,https://portal.core.edu.au/conf-ranks/1927/
